{
  "ad": 0.00014292036224538874,
  "ae": 0.002601081253157279,
  "af": 0.00015648568476359513,
  "ag": 4.5567489073033326e-05,
  "ai": 1.3560879582130678e-05,
  "al": 0.0020384904307154676,
  "am": 0.001119046377370846,
  "an": 1.9971182796194384e-06,
  "ao": 0.0004592830624021306,
  "ap": 0.0011235777670275363,
  "aq": 2.684753920198144e-06,
  "ar": 0.0067688004172244765,
  "as": 1.539826420666538e-06,
  "at": 0.005430170840766236,
  "au": 0.010062034857264862,
  "aw": 2.60368887976909e-05,
  "ax": 2.6268241296276296e-06,
  "az": 0.00047681198925914086,
  "ba": 0.0009174629652809478,
  "bb": 0.00013189832078911506,
  "bd": 0.007090457779313507,
  "be": 0.004151863563903326,
  "bf": 0.0001308112473150732,
  "bg": 0.004476661883164465,
  "bh": 0.00038861301677945413,
  "bi": 4.215022096905341e-05,
  "bj": 0.00014841563989855344,
  "bl": 0.0,
  "bm": 2.128283083678019e-05,
  "bn": 0.00010844637028255374,
  "bo": 0.0013401622614534435,
  "bq": 9.12121321576294e-06,
  "br": 0.019521331903710106,
  "bs": 0.00016076802150936478,
  "bt": 8.217817447199201e-05,
  "bw": 0.0001952023126267983,
  "by": 0.001098936262707083,
  "bz": 9.67798445113539e-05,
  "ca": 0.02269343823775678,
  "cc": 0.0,
  "cd": 0.00017836067911303089,
  "cf": 5.167726286960826e-06,
  "cg": 8.462458927957839e-05,
  "ch": 0.010993569289359248,
  "ci": 0.00047696451268428486,
  "ck": 1.4978387097145788e-06,
  "cl": 0.0029299371709718205,
  "cm": 0.00033089734610517775,
  "cn": 0.0004688013959830174,
  "co": 0.006105130414530579,
  "cr": 0.0008016683376903058,
  "cs": 5.727641984611536e-06,
  "cu": 0.00025985229881228213,
  "cv": 7.441525853223589e-05,
  "cw": 0.00012220860001384227,
  "cy": 0.0005654744722989207,
  "cz": 0.010688221116836797,
  "de": 0.12705784422881533,
  "dj": 2.954413380297487e-05,
  "dk": 0.002089311737818262,
  "dm": 2.082778903495104e-05,
  "do": 0.0014470106432032236,
  "dz": 0.002855661945852305,
  "ec": 0.002094677207580047,
  "ee": 0.0007694096718193788,
  "eg": 0.0024187291389886293,
  "er": 0.0,
  "es": 0.034588887228242125,
  "et": 0.001139187226825833,
  "eu": 0.0006380169703425369,
  "fi": 0.06111043043382655,
  "fj": 9.262227049610733e-05,
  "fk": 3.2690213116273175e-06,
  "fm": 6.201271544352991e-06,
  "fo": 1.1801181628497769e-05,
  "fr": 0.028723671137738094,
  "ga": 0.00012204346230075319,
  "gb": 0.027922935929973636,
  "gd": 1.4480007063915022e-05,
  "ge": 0.0016911677609437296,
  "gf": 3.387618125466384e-05,
  "gg": 3.9282318166408036e-05,
  "gh": 0.000973413731165015,
  "gi": 3.471585173025454e-05,
  "gl": 8.983738523326494e-05,
  "gm": 6.521235780680656e-05,
  "gn": 6.313288324732805e-05,
  "gp": 7.195140506131026e-05,
  "gq": 2.0184031743009637e-05,
  "gr": 0.0030638411737301217,
  "gt": 0.0007846246655191429,
  "gu": 3.1062814901707625e-05,
  "gw": 1.0934589243349296e-05,
  "gy": 0.0002233780373998499,
  "hk": 0.0027008435431072762,
  "hn": 0.0004897932580766672,
  "hr": 0.0023180165346990775,
  "ht": 8.7281288197024e-05,
  "hu": 0.0029108454626568143,
  "id": 0.03019906824218272,
  "ie": 0.004191376850995872,
  "il": 0.004462265368072998,
  "im": 4.554345624063713e-05,
  "in": 0.04158835851889039,
  "io": 5.569233486121162e-07,
  "iq": 0.0014203569639384941,
  "ir": 0.014310419569097472,
  "is": 0.000793434859940723,
  "it": 0.017383653633630626,
  "je": 1.7990947974595966e-05,
  "jm": 0.0002756874639472371,
  "jo": 0.001976954470200083,
  "jp": 0.012389443380682964,
  "ke": 0.0019486766791912376,
  "kg": 0.0007276158612040842,
  "kh": 0.00120884787104093,
  "ki": 1.0265509471110251e-06,
  "km": 8.44118108656425e-06,
  "kn": 4.65785347915607e-06,
  "kp": 1.3693067977873353e-06,
  "kr": 0.010417984498103178,
  "kw": 0.0007442214781140476,
  "ky": 2.0368100002307046e-05,
  "kz": 0.002741382043773062,
  "la": 0.0004095836374150811,
  "lb": 0.0005989924776392833,
  "lc": 4.243822058786641e-05,
  "li": 0.00014551366247473943,
  "lk": 0.0016372013081903958,
  "lr": 2.9769977466219733e-05,
  "ls": 3.099652472960603e-05,
  "lt": 0.009954663187610015,
  "lu": 0.0010746134507702318,
  "lv": 0.0015036055019731138,
  "ly": 0.0003914371215648894,
  "ma": 0.0032649452872866155,
  "mc": 3.6250172988861286e-05,
  "md": 0.0014092401056828448,
  "me": 0.0003250310000080636,
  "mf": 6.05538108176696e-06,
  "mg": 0.00026397717807826197,
  "mh": 2.0950569688750954e-06,
  "mk": 0.0008975984916909683,
  "ml": 7.316508436861224e-05,
  "mm": 0.0005925824704037444,
  "mn": 0.00046632711829113887,
  "mo": 0.00020439086894064666,
  "mp": 1.035078550923571e-06,
  "mq": 5.322758075569651e-05,
  "mr": 7.045995025486881e-05,
  "ms": 0.0,
  "mt": 0.0003530310241424201,
  "mu": 0.0004458566559250396,
  "mv": 0.0002341450810907546,
  "mw": 0.0001442094416540763,
  "mx": 0.012295975628093153,
  "my": 0.0038580474081834877,
  "mz": 0.00025742876470350774,
  "na": 0.0002149346385940737,
  "nc": 5.123638827071677e-05,
  "ne": 3.190928815805179e-05,
  "nf": 1.3080846713984733e-05,
  "ng": 0.0014294374086376129,
  "ni": 0.00035672645412108126,
  "nl": 0.03523174526940293,
  "no": 0.004174127407651909,
  "np": 0.0016336940132668214,
  "nr": 1.0224676030163957e-06,
  "nu": 5.121643274605721e-07,
  "nz": 0.001505000180600885,
  "om": 0.0005680563502164627,
  "pa": 0.0017010331253019392,
  "pe": 0.003917846785043433,
  "pf": 4.1884359892176574e-05,
  "pg": 7.439875374487724e-05,
  "ph": 0.007768491335430539,
  "pk": 0.008180704723244107,
  "pl": 0.00906529517746244,
  "pm": 6.012157722911153e-06,
  "pn": 0.0,
  "pr": 0.000330120456203974,
  "ps": 0.0005331921285513515,
  "pt": 0.003281418990044112,
  "pw": 4.358695082169757e-06,
  "py": 0.0005889596954755119,
  "qa": 0.0011423516559423187,
  "re": 0.00021537734861016317,
  "ro": 0.005530029952087094,
  "rs": 0.002723853694435678,
  "ru": 0.014593380174764746,
  "rw": 0.00028293386966544754,
  "sa": 0.0025623387460248516,
  "sb": 1.0735909831672153e-05,
  "sc": 9.899144177934825e-05,
  "sd": 6.56301238444025e-05,
  "se": 0.00907462663821161,
  "sg": 0.004547234141480058,
  "si": 0.0009562513686276012,
  "sj": 0.0,
  "sk": 0.0031369026649384684,
  "sl": 4.8230916220816966e-05,
  "sm": 8.280628407388568e-06,
  "sn": 0.0006024397436064707,
  "so": 0.0001343193621773762,
  "sr": 0.0002642585074405396,
  "ss": 2.389607826611555e-05,
  "st": 5.06437176122161e-05,
  "sv": 0.0010291091627461222,
  "sx": 1.4665398782125668e-05,
  "sy": 0.000440390553203242,
  "sz": 3.9332984935095704e-05,
  "tc": 7.489193548572893e-06,
  "td": 1.743478032867903e-05,
  "tg": 0.00021046485111466813,
  "th": 0.010528807570153679,
  "tj": 0.00015901577409228445,
  "tl": 3.572480816293576e-05,
  "tm": 0.003047527686364207,
  "tn": 0.002014047199679766,
  "to": 5.511144579335224e-06,
  "tr": 0.012785335118767602,
  "tt": 0.00036953665740313904,
  "tv": 0.0,
  "tw": 0.004912234043893203,
  "tz": 0.0005460872239106566,
  "ua": 0.0133385397464766,
  "ug": 0.00043748165121215607,
  "uk": 0.0,
  "um": 0.0,
  "us": 0.17929657166523072,
  "uy": 0.000789361000019583,
  "uz": 0.0018986684808948507,
  "va": 1.035078550923571e-06,
  "vc": 1.2318611365332304e-05,
  "ve": 0.0024315107489240604,
  "vg": 8.91077357779386e-06,
  "vi": 2.0561083399538247e-05,
  "vn": 0.009723010368100566,
  "vu": 1.8770169504736346e-05,
  "wf": 0.0,
  "ws": 6.012157722911153e-06,
  "xk": 5.301817707870452e-07,
  "ye": 0.00030703045689516555,
  "yt": 1.2661771629846373e-05,
  "za": 0.004022899064693171,
  "zm": 0.00025463258065147837,
  "zw": 0.0002941068463473088
}